{
  "1": [
    77.96029569881921,
    22.312800716372557
  ],
  "2": [
    77.96088042038446,
    22.312909896979395
  ],
  "3": [
    77.96098770874505,
    22.31247069265553
  ],
  "4": [
    77.96052368658547,
    22.312301958423628
  ]
}